actor_id	movie_id	role
10963	5306	Truck Driver
32638	5306	Barnes
33949	5306	Jammer Willis
42278	5306	Lt. Hiram Coffey
57051	5306	Lew Finler
64610	5306	Catfish De Vries
69977	5306	Sailor with the fire extingui
70419	5306	DeMarco
81503	5306	Dr. Berg
108530	5306	USS Montana Crewman
130508	5306	Construction Worker
138073	5306	Bendix
145064	5306	Anchorman
181264	5306	Alan 'Hippy' Carnes
197929	5306	Virgil 'Bud' Brigman
223068	5306	Wave Reporter
228850	5306	Gerard Kirkhill, Benthick Pet
250810	5306	Wilhite
281620	5306	USS Montana Navigator
334067	5306	Anchorman #2
335612	5306	Schoenick, SEAL Team Member
341916	5306	Ensign Monk, SEAL Team Member
342314	5306	USS Montana Crewman
386373	5306	Arliss 'Sonny' Dawson
391009	5306	USS Montana Captain
459752	5306	USS Montana Executive Officer
502273	5306	Dwight Perry
504906	5306	Leland McBride
514734	5306	Bill Tyler, Reporter
589318	5306	Young Woman
636502	5306	Anchorwoman
712889	5306	Lindsey Brigman
785706	5306	Lisa 'One Night' Standing
840493	5306	Woman Reporter
16844	10920	Lydecker
36641	10920	Russ Jorden
42278	10920	Cpl. Dwayne Hicks
144260	10920	Doctor
204493	10920	Timmy Jorden
204719	10920	Bishop
213646	10920	Lt. Gorman
240277	10920	Pvt. Spunkmeyer
272557	10920	Power Loader Operator
305705	10920	Sgt. Apone
306790	10920	Van Leuwen
310030	10920	Al Simpson, Colony Officer
366173	10920	Private Hudson
378476	10920	Insurance Man
394516	10920	Carter Burke
405572	10920	Pvt. Drake
408215	10920	Pvt. Frost
452549	10920	Pvt. Wierzbowski
474375	10920	Pvt. Crowe
476429	10920	Alien Warrior
583693	10920	Cocooned Woman
583735	10920	ECA Representative
596318	10920	Ann Jorden
635153	10920	Pvt. Vasquez
651551	10920	Rebecca 'Newt' Jorden
653997	10920	Cpl. Mira Ferro
661430	10920	Amanda Ripley
748340	10920	Med Tech
785581	10920	Cpl. Dietrich
831289	10920	Ellen Ripley
69940	10934	Himself
69940	105938	Himself
128257	105938	Karl Kuhn
137802	105938	Adm. Günther Lütjens
185164	105938	Burkard von Müllenheim-Rechbe
204719	105938	Narrator
232844	105938	Young Karl Kuhn
259373	105938	Himself
285456	105938	Walter Weintz
428322	105938	Adjutant
432055	105938	Young Heinz Steeg
452552	105938	Himself
460992	105938	Young Walter Weintz
505504	105938	Himself
518333	105938	Heinz Steeg
933	127297	Himself
16963	127297	1st Officer Murdoch
24256	127297	2nd Officer Lightoller
24288	127297	Harold Bride
58357	127297	Himself
61439	127297	Himself
69940	127297	Himself
69977	127297	Himself
83459	127297	Himself
126295	127297	Captain Smith
152244	127297	Fred Fleet
188927	127297	Madeleine Astor
227895	127297	Himself
247406	127297	Poker player
271226	127297	Himself
288312	127297	Thomas Andrews
300455	127297	J. Bruce Ismay
346051	127297	Himself
358828	127297	Himself
365476	127297	Himself
366173	127297	Himself
367826	127297	Himself
414913	127297	Himself
424651	127297	Himself
433468	127297	John 'Jack' Phillips
510823	127297	Quartermaster Hitchens
523925	127297	John Jacob Astor
649578	127297	
667425	127297	Herself
758870	127297	Molly Brown
768452	127297	Elizabeth Lines
794639	127297	Herself
809044	127297	Edith Russell
819988	127297	Helen Churchill Candee
57051	256530	Lou
91252	256530	Ralph
116418	256530	Randy
129406	256530	Frank
175604	256530	Gabby
176935	256530	Chris Kimbrough
204719	256530	Steve Kimbrough, St. Anns Pol
223545	256530	Waiter
258459	256530	Ron the Lifeguard
297529	256530	Tyler Sherman, Biochemist
359763	256530	Robert Haywood
388685	256530	Randy's Son
398113	256530	Raoul, Hotel Manager
407927	256530	Mal
418091	256530	Leo Bell D.D.S.
508939	256530	Dumont
521874	256530	Aaron
551641	256530	Beverly
590307	256530	April
594608	256530	Jai
638349	256530	Allison Dumont
643627	256530	Loretta
705207	256530	Myrna
707687	256530	Lisa
741046	256530	Anne Kimbrough
756625	256530	Mrs.Wilson
767575	256530	Cindy
832066	256530	Randy's Wife
42278	322652	Kyle Reese
47595	322652	Dr. Peter Silberman
103007	322652	Cyberdyne Video Narrator
162232	322652	John Connor
257870	322652	Cyberdyne Video Host
364956	322652	T-1000
426628	322652	The Terminator
645256	322652	Sarah Connor
450	328277	Infant John Connor
17037	328277	Future Coda man
39044	328277	Todd Voight
39129	328277	Bryant
42278	328277	Kyle Reese (Ultimate Edition)
47595	328277	Dr. Peter Silberman
59799	328277	Tattooed biker
82660	328277	Kid
95086	328277	Tim
135826	328277	Old John Connor
137207	328277	Gibbons
142921	328277	Tanker truck driver
162232	328277	John Connor
172134	328277	Douglas
187569	328277	Enrique Salceda
233988	328277	Pickup truck driver
255881	328277	SWAT team leader
263765	328277	Mossberg
269396	328277	Burly attendant
279903	328277	Cyberdyne tech
284866	328277	Kid
288301	328277	Attendant
310084	328277	Cop
332070	328277	Dr. Miles Bennett Dyson
336379	328277	Moshier
346378	328277	Danny Dyson
347730	328277	SWAT team leader
360529	328277	Jock
364956	328277	T-1000
374220	328277	Burly attendant
425673	328277	Lloyd
426628	328277	The Terminator (T-800 Model 1
433531	328277	Cyberdyne tech
439561	328277	Vault guard
451689	328277	T-1000 Lewis
451692	328277	Lewis (guard)
465636	328277	Police 'copter pilot
493307	328277	Weatherby
510502	328277	Trucker
511606	328277	Jock
514131	328277	Cigar-smoking biker
514734	328277	Galleria photographer
522268	328277	Pool-cue biker
563244	328277	Girl
588077	328277	Girl
597793	328277	Gwen (night nurse)
608796	328277	Blythe Dyson (Ultimate Editio
614721	328277	Hospital guard
620255	328277	Roadside Woman (Ultimate Edit
635153	328277	Janelle Voight
645152	328277	T-1000 Sarah
645256	328277	Sarah Connor
720259	328277	Tarissa Dyson
771500	328277	Jolanda Salceda
828805	328277	Sarah's granddaughter (Ultima
42278	328285	Kyle Reese
47595	328285	Dr. Peter Silberman
58045	328285	Biker at Phone Booth
92891	328285	Future Terminator
124873	328285	Cop in Alley
132356	328285	Sentry
145064	328285	TV Anchorman
145889	328285	Customer
160251	328285	Cleaning Man at Flophouse
160622	328285	Policeman
179526	328285	Mexican Boy (long shots)
204719	328285	Detective Vukovich
236878	328285	Customer
245075	328285	Desk Sergeant
321383	328285	Pawnshop Clerk
323583	328285	Gas Station Attendant
331400	328285	Customer
351978	328285	Policeman
366173	328285	Punk Leader
374217	328285	Tanker Partner
375423	328285	Bar Customer
388681	328285	Customer
392215	328285	Punk
398193	328285	Bartender
401041	328285	Tiki Motel Customer
408622	328285	Matt Buchanan
426628	328285	The Terminator
456639	328285	Tanker Driver
472024	328285	Punk
480252	328285	Mexican Boy (close-ups)
511368	328285	Truck Driver
512349	328285	Reporter
513935	328285	Lieutenant Ed Traxler
514734	328285	Policeman
519450	328285	Derelict in Alley
624665	328285	Customer
645256	328285	Sarah Connor
659683	328285	TV Anchorwoman
718489	328285	Customer
730105	328285	Ginger Ventura
730692	328285	Wrong Sarah
758221	328285	Ticket Taker at Club Technoir
783346	328285	Nancy
933	333856	Lewis Bodine
2898	333856	Slovakian three-year-old boy
11865	333856	Lookout Fredrick Fleet
12043	333856	Steerage dancer
18638	333856	Carpenter John Hutchinson
29603	333856	Tommy Ryan
54608	333856	Col. John Jacob Astor IV
57665	333856	Quartermaster Robert Hitchens
66328	333856	Musician/baker
66776	333856	Stairwell steward
69940	333856	Cameo appearance (steerage da
70744	333856	Second-class man
72215	333856	Steward #4
76228	333856	Bobby Buell
76443	333856	Steerage dancer
76653	333856	Hold steward #1
81499	333856	Chief Officer Henry T. Wilde
93883	333856	Scotland Road steward
95037	333856	Chief Marconi Officer Jack Ph
99597	333856	Victor Giglio
99941	333856	Fourth Officer Joseph Boxhall
101233	333856	Crewman
118569	333856	Praying man
121758	333856	Jack Dawson
125676	333856	Master at Arms Joseph Bailey
130426	333856	Pubkeeper
134352	333856	Lookout Reginald Lee
138312	333856	Carpathia steward
140049	333856	Benjamin Guggenheim
142962	333856	Wallace Hartley
144555	333856	Olaus Gunderson
153207	333856	Sixth Officer James Moody
155472	333856	Chief Engineer Joseph Bell
155930	333856	Steerage dancer
156939	333856	Col. Archibald Gracie
157096	333856	Steward #1
157680	333856	Syrian man
162721	333856	Orchestra member
165721	333856	Thomas Andrews
167468	333856	Titanic porter
172669	333856	Orchestra member
181486	333856	Quartermaster George Rowe
186652	333856	Fifth Officer Harold Godfrey 
199768	333856	Orchestra member
205287	333856	Hold steward #2
208287	333856	Capt. Edward J. Smith
209729	333856	Steerage dancer
211832	333856	Olaf Dahl
216473	333856	Slovakian father
219643	333856	J. Bruce Ismay
226351	333856	First-class steward
227836	333856	Sir Cosmo Duff-Gordon
230528	333856	'Safe' Bellboy
243306	333856	Assistant Marconi Wireless Op
244575	333856	Deckhand
248904	333856	Bjorn Gunderson
263645	333856	Promenade Deck steward
264813	333856	Father Thomas Byles
270444	333856	Leading Fireman Fredrick Barr
279903	333856	Chinese man
283561	333856	Steerage band member
288312	333856	Frederick Spedden
301563	333856	Rescue boat crewman
307547	333856	Steerage dancer
313916	333856	Steward #2
335829	333856	Steerage band member
342443	333856	Elevator operator
348858	333856	Fabrizio De Rossi
351253	333856	Engine Room Crew
354484	333856	Olaf
358426	333856	Steward #3
359448	333856	Steward Barnes
360793	333856	Isidor Straus
366173	333856	Brock Lovett
372149	333856	Sven
373241	333856	Second Officer Charles Herber
414913	333856	Anatoly Milkailavich
444656	333856	First-class young man
455151	333856	First Officer William McMaste
462918	333856	Orchestra member
462919	333856	Orchestra member
468177	333856	Bert Cartmell
471961	333856	Little Irish boy
480062	333856	Drowning man
480247	333856	Yaley
481840	333856	Chief Baker Charles Joughin
482854	333856	Steerage band member
484826	333856	Man in water
497962	333856	Man being combed for lice
499298	333856	First-class husband
500666	333856	Irish man
502344	333856	Spicer Lovejoy
505031	333856	Steerage band member
513645	333856	First-class waiter
524132	333856	Caledon 'Cal' Hockley
534915	333856	Lizzy Calvert
541702	333856	Lady Lucille Duff-Gordon
547276	333856	Steerage dancer
547303	333856	Margaret 'Molly' Brown
560216	333856	Woman in life boat
560719	333856	First-class woman
562717	333856	Mme. Leontine Pauline Aubart
578075	333856	Madeleine Astor
608339	333856	Woman in water
620301	333856	Ruth DeWitt Bukater
621016	333856	Steerage dancer
627384	333856	Trudy Bolt
629712	333856	Young female first-class pass
629713	333856	Older female second-class pas
635153	333856	Irish mother
653279	333856	Steerage dancer
659281	333856	Steerage band member
675117	333856	Third-class woman
678541	333856	Mother at stern
687048	333856	Little Irish girl
709423	333856	Syrian woman
728576	333856	Reporter
740170	333856	Frozen woman with baby
741046	333856	Woman
744930	333856	Helga Dahl
745079	333856	Cora Cartmell
758870	333856	Praying woman
763718	333856	Steerage dancer
763862	333856	Rosalie Ida Strauss
766230	333856	Steerage dancer
773658	333856	Lucy Noel Martha Dyer-Edwards
803835	333856	Rose Dawson Calvert (Old Rose
827985	333856	Cal's crying girl
827986	333856	Cal's crying girl
837199	333856	Rose DeWitt Bukater
4961	340799	Jihad cameraman
7991	340799	Colonel
17191	340799	Albert Gibson
29743	340799	Old guy in bathroom
61439	340799	Custodian
69977	340799	Citation pilot
99596	340799	Samir
127182	340799	Harrier pilot
163705	340799	Lead terrorist
206867	340799	Faisil
207002	340799	Spencer Trilby
220569	340799	High-rise terrorist
223068	340799	Reporter at high rise
258898	340799	Juno's chauffeur
294609	340799	Salim Abu Aziz
295961	340799	Jamal Khaled
298368	340799	Bread van terrorist #1
346027	340799	Subway customer
362022	340799	Jean-Claude
362418	340799	French chef
366173	340799	Simon
370282	340799	Bass player
373813	340799	Man in hotel lobby
391197	340799	Boathouse guard
416883	340799	Bread van terroist #2
417399	340799	Yusif
426628	340799	Harry Tasker
465636	340799	Helicopter pilot
573294	340799	Juno Skinner
577530	340799	Allison
590629	340799	Helen Tasker
598141	340799	Swiss Aristocrat
608999	340799	Dana Tasker
729268	340799	Janice
839732	340799	Charlene
514734	369522	Raj
819133	369522	Laurie
10651	1711	Interviewer
18544	1711	Ape
33046	1711	Dr. Rolf Halvorsen
33492	1711	Astronaut
35269	1711	Ape
43766	1711	Aries 1B Lunar shuttle captai
81735	1711	Ape
89366	1711	TMA-1 site technician #2
110691	1711	Ape
110901	1711	Ape
117597	1711	Ape
130668	1711	Ape
130919	1711	Dr. Dave Bowman
152930	1711	Ape
172616	1711	Poole's father
186410	1711	Ape
200989	1711	Ape
209041	1711	Ape
225060	1711	Ape
234019	1711	Ape
244025	1711	BBC-12 announcer
282170	1711	Dr. Frank Poole
285138	1711	Ape
290958	1711	Ape
297912	1711	Ape
321439	1711	Mission controller
359269	1711	Ape
388177	1711	HAL 9000
393452	1711	Ape
398261	1711	Moonwatcher
408577	1711	Dr. Andrei Smyslov
427619	1711	Miller
459935	1711	Dr. Bill Michaels
462236	1711	TMA-1 site technician #1
462532	1711	Dr. Heywood R. Floyd
481290	1711	TMA-1 site photographer
500110	1711	Ape
507612	1711	Astronaut
513676	1711	Ape
517018	1711	Ape that gets killed
556737	1711	
559266	1711	
561464	1711	Stewardess
573464	1711	Stewardess
589087	1711	
606054	1711	Stewardess
623949	1711	
633066	1711	Poole's mother
649736	1711	
683135	1711	Squirt (Floyd's daughter)
709642	1711	
710214	1711	Russian scientist
735076	1711	
750078	1711	
750089	1711	
818459	1711	Elena
39086	30431	Lord Ludd
43127	30431	Recruiting soldier
50074	30431	King George III
53692	30431	Seamus Feeny (Capt. Feeny's s
78776	30431	Lt. Jonathan Fakenham
79048	30431	Sir Richard (Lord Bullingdon'
82337	30431	Dr. Broughton (Lyndon family 
110921	30431	
111031	30431	
205176	30431	
206431	30431	
213908	30431	Narrator
224581	30431	
236863	30431	Prince of Tübingen
258862	30431	Capt. Potzdorf (nephew of Pru
263045	30431	
292390	30431	The Chevalier de Balibari (Ba
307261	30431	Col. Bulow
315871	30431	Rev. Samuel Runt
318503	30431	
319779	30431	Sir Charles Reginald Lyndon (
329794	30431	Lord Gustavos Adolphus Wendov
330937	30431	Bryan Patrick Lyndon
351264	30431	Barry Lyndon/Redmond Barry/Lt
351681	30431	Capt. Feeny (the highwayman)
386178	30431	Capt. Grogan
392783	30431	
400860	30431	Toole
408577	30431	Capt. John Quinn (Kiwangen Re
421372	30431	Young Bullingdon
423761	30431	
431642	30431	Barry's second in the final d
433046	30431	Lord Hallam (barrister)
433086	30431	Doolan
449193	30431	
456570	30431	Graham (Lady's Lyndon's secre
459849	30431	
467844	30431	Barry's fight second.
477807	30431	
495397	30431	Lord Bullingdon
551488	30431	Lady Lyndon, Countess of Lynd
645202	30431	Nora Brady (Barry's cousin/Mr
673249	30431	Belle (Barry's mother)
683135	30431	Guest at Nora and Capt. Quinn
684623	30431	Lischen (the German girl)
31234	65764	Chief guard
39086	65764	Det. Const. Tom
65405	65764	
70489	65764	Police inspector
73946	65764	Detective sergeant
88544	65764	Dim
89519	65764	Stage actor
93696	65764	Billy Boy (gang leader)
95089	65764	
130329	65764	Dr. Brodsky
145816	65764	Tramp
157057	65764	Desk sergeant
157573	65764	Lodger
180761	65764	Prison governor
208928	65764	Himself (accompanies Hitler)
209799	65764	Himself (at SA rally, from T.
218405	65764	Doctor
287974	65764	Himself (accompanies Hitler)
292390	65764	Mr. Alexander
298288	65764	Georgie
310213	65764	Alexander 'Alex' de Large
331189	65764	Mr. P. R. Deltoid
350799	65764	Bootick clerk
383596	65764	Julian (Frank Alexander's bod
386178	65764	Prison chaplain
400860	65764	Milkbar Bouncer
421615	65764	Conspirator
433046	65764	Minister
456570	65764	Dad
466779	65764	Pete
513394	65764	Prison check-in officer
529804	65764	Handmaiden in Bible fantasy)
564580	65764	Sophisto (in the Korova Milkb
577143	65764	Handmaiden in Bible fantasy)
586737	65764	Mrs. Alexander
606245	65764	Handmaiden in Bible fantasy
606720	65764	Nurse Feeley
640907	65764	Rape victim in film
654069	65764	Sonietta
663573	65764	Victim of Billy Boy's gang
671758	65764	Catlady (Miss Weathers)
764299	65764	Mum
777198	65764	Dr. Branom
785548	65764	Marty
809779	65764	Psychiatrist
818459	65764	Conspirator
833428	65764	Stage actress
839709	65764	Girl in ascot fantasy
75587	79846	Himself (Walter's twin brothe
75588	79846	Himself
135670	79846	Narrator
152958	79846	Himself (boxing historian)
226249	79846	Himself (Walter's opponent)
259066	79846	Himself (man at ringside with
440126	79846	Himself (man at ringside with
792995	79846	Herself (female fan in crowd)
33492	92616	Lt. W.D. Kivel
40172	92616	Lt. H.R. Dietrich
63409	92616	Russian Ambassador Alexi de S
100404	92616	Mr. Staines
164035	92616	Burpelson AFB Defense Team me
201256	92616	Brig. Gen. Jack D. Ripper
205401	92616	Burpelson AFB Defense Team me
233082	92616	Lt. Lothar Zogg
308556	92616	Burpelson AFB Defense Team me
351321	92616	Adm. Randolph
373935	92616	Maj. T.J. 'King' Kong
399367	92616	Capt. G.A. 'Ace' Owens
427460	92616	Gen. 'Buck' Turgidson
429719	92616	Group Captain (G/C) Lionel Ma
453983	92616	Frank
465553	92616	Lt. B. Goldberg
466257	92616	Gen. Faceman
518686	92616	Col. 'Bat' Guano
764987	92616	Miss Foreign Affairs
13279	106666	Masked party principal
37627	106666	Bandleader
88365	106666	Rowdy college kid
93702	106666	Lou Nathanson
94781	106666	Tall butler
101879	106666	Dr. William 'Bill' Harford
102958	106666	Desk clerk
104692	106666	Man at newsstand
109877	106666	Stalker
114088	106666	Masked party principal
117903	106666	Masked party principal
119566	106666	Masked party principal
127583	106666	Cab driver
127777	106666	Ziegler's secretary
131110	106666	Sandor Szavost
142332	106666	Morgue orderly
149979	106666	Nick Nightingale
172461	106666	Carl
175890	106666	Naval officer
176266	106666	Masked party principal
205014	106666	Masked party principal
210176	106666	Boy in examination room
220892	106666	Japanese man #1
260733	106666	Japanese man #2
277792	106666	Rowdy college kid
290708	106666	Gateman #1
362250	106666	Rowdy college kid
365531	106666	Harris
370217	106666	Rowdy college kid
378271	106666	Victor Ziegler
384073	106666	Masked party principal
405530	106666	Rowdy college kid
430641	106666	Mr. Milich
448978	106666	Masked party principal
472331	106666	Masked party principal
478574	106666	Masked party principal
479388	106666	Masked party principal
495397	106666	Red cloak
508334	106666	Rowdy college kid
513864	106666	Maître d' - Café Sonata
539877	106666	Masked party principal
573883	106666	
577756	106666	Masked party principal
594783	106666	Amanda 'Mandy' Curran
602507	106666	Masked party principal
604337	106666	Girl at Sharky's
611037	106666	Helena Harford
615217	106666	Masked buxom girl
616025	106666	Masked party principal
617848	106666	Masked party principal
619666	106666	Masked party principal
635912	106666	Mysterious woman/Masked party
645973	106666	Coffee shop manager
649487	106666	Hospital receptionist
650090	106666	Masked party principal
653067	106666	Rosa
675927	106666	Alice Harford
683132	106666	Woman sitting behind Dr. Harf
683134	106666	Mother of boy in examination 
693690	106666	Lisa
700691	106666	Illona
709994	106666	Waitress at Gillespie's
712865	106666	Sally
757084	106666	Masked party principal
761200	106666	Masked party principal
768088	106666	Marion
782497	106666	Roz
788960	106666	Masked party principal
789192	106666	Domino
796007	106666	Milich's daughter
809699	106666	Gayle
812607	106666	Nuala
833537	106666	Masked party principal
7872	110246	Narrator
91059	110246	Pvt. Fletcher (aide-de-camp)
197444	110246	Lt. Corby/enemy general
307631	110246	Pvt. Sidney
438416	110246	Sgt. Mac
692929	110246	Young Girl
209787	116239	Narrator
450798	116239	The Reverend (Himself)
2397	121538	Marine
5871	121538	Marine
11483	121538	Marine
23587	121538	Marine
25000	121538	Animal Mother
28036	121538	Marine
33920	121538	Marine
37048	121538	Marine
46980	121538	Poge Colonel
51909	121538	Marine
65610	121538	Marine
73009	121538	Marine
82885	121538	Marine
84498	121538	Chili
88311	121538	Marine
91262	121538	Doorgunner
96626	121538	Marine
96627	121538	Marine
103836	121538	Marine
104783	121538	Hand Job
105163	121538	Pvt. Pyle/Leonard Lawrence
109795	121538	Marine
110386	121538	Marine
111143	121538	Marine
131274	121538	Marine
135439	121538	Snowball
138603	121538	Marine
138841	121538	Marine
140869	121538	Gunnery Sgt. Hartman
154493	121538	Marine
157531	121538	ARVN pimp
158116	121538	Marine
170357	121538	Marine
178992	121538	Marine
180610	121538	Marine
192157	121538	Marine
195193	121538	Marine
196997	121538	Eightball
197859	121538	Marine
198687	121538	Marine
198727	121538	Marine
201301	121538	Marine
201490	121538	Marine
201936	121538	Marine
202517	121538	Marine
204833	121538	Marine
210579	121538	Daddy D.A.
211209	121538	Marine
211245	121538	Marine
211261	121538	Marine
215357	121538	Pvt. Cowboy
215534	121538	Rafterman
215643	121538	Marine
216936	121538	Marine
228364	121538	Crazy Earl
254447	121538	Stork
259066	121538	Murphy
264558	121538	Marine
265128	121538	Marine
272581	121538	Marine
283927	121538	T.H.E. Rock
284721	121538	Marine
285408	121538	Marine
307000	121538	Marine
308458	121538	Marine
317493	121538	TV journalist
318493	121538	Marine
319786	121538	Marine
322263	121538	Donlon
322448	121538	Marine
323110	121538	Marine
323111	121538	Marine
325263	121538	Pvt. Joker
331636	121538	Marine
332927	121538	Marine
342634	121538	Marine
344407	121538	Marine
348031	121538	Daytona Dave
351565	121538	Lt. Touchdown/Walter J. Schin
360186	121538	Mass Grave soldier
370184	121538	Marine
373513	121538	Camera thief
406269	121538	Marine
418550	121538	Marine
420532	121538	Marine
439592	121538	Marine
442258	121538	Marine
443772	121538	Marine
444548	121538	Marine
444747	121538	Marine
450874	121538	Doc Jay
458996	121538	Marine
464072	121538	Dead N.V.A.
468001	121538	Payback
469867	121538	Lt. Lockhart
472006	121538	Marine
482081	121538	Marine
482993	121538	Lt. Cleves
506029	121538	Marine
506265	121538	Marine
511949	121538	Marine
513249	121538	Marine
515954	121538	Marine
635367	121538	Marine
656446	121538	Motorbike hooker
683135	121538	News camera operator at mass 
690482	121538	V.C sniper
796984	121538	Da Nang hooker
2753	176891	Mannequin factory owner
107156	176891	Gangster
147229	176891	
162007	176891	
227733	176891	Albert (the fight manager)
350108	176891	
355874	176891	Gangster
401685	176891	Gangster
410475	176891	Conventioneer
438416	176891	Vincent Rapallo
443960	176891	Davy Gordon
454948	176891	Gangster
490228	176891	Conventioneer
561594	176891	
670943	176891	Gloria Price
796029	176891	Ballerina/Iris
2949	177019	Leo the Loanshark
36662	177019	First Airline Clerk
71122	177019	Plainclothesman at Airport
73002	177019	Nikki Arcane
94748	177019	George Peatty
112053	177019	Randy Kennan
135744	177019	Track Parking Attendant
135921	177019	Val Cannon
138317	177019	Guard
153433	177019	Marvin Unger
173683	177019	Narrator
179947	177019	Track Guard slugged by Johnny
185181	177019	Mr. Grimes
201256	177019	Johnny Clay
261145	177019	Maurice Oboukhoff
324376	177019	Ron, Airline Clerk
328560	177019	Race Track P.A. Announcer
393428	177019	Bill, Track Employee in Locke
397677	177019	Track Employee in Locker Room
421893	177019	Mike O'Reilly
482105	177019	Tiny
497834	177019	Joe, Motel Owner
512106	177019	Plainclothesman at Airport
530012	177019	Ruthie O'Reilly
573511	177019	Woman asking Kennan for Help
612055	177019	Lady with Small Dog
638426	177019	Fay
836963	177019	Sherry Peatty
7976	193519	Hospital attendant
43766	193519	Ambulance attendant
55062	193519	Bill Crest (Schiller's neighb
90262	193519	Richard T. 'Dick' Schiller
103985	193519	Himself - as Dr. Frankenstein
133423	193519	Frederick Beale Sr.
183776	193519	George Swine (hotel night man
198438	193519	Tom
247182	193519	Man
265390	193519	Roy (football player)
271543	193519	Himself - as Frankenstein's C
279385	193519	Dr. Keegee (at hospital)
293607	193519	Charlie Sedgewick (son of Cam
303906	193519	Prof. Humbert Humbert/Narrato
358119	193519	Kenny Oberton (Lolita's boyfr
417404	193519	Rex (football player)
429719	193519	Clare Quilty (TV writer)/Dr. 
457044	193519	John Farlow (Ramsdale lawyer)
502490	193519	Potts (hotel assistant manage
598240	193519	Jean Farlow
605798	193519	Mrs. Starch (piano teacher in
632299	193519	Mona Farlow
655488	193519	Miss Fromkiss (hospital recep
701079	193519	Louise (Haze's maid)
702877	193519	Dolores 'Lolita' Haze/Mrs. Ri
713189	193519	Miss Lebone (Humbert's next-d
714240	193519	Nurse Mary Lore
790816	193519	Lorna
802676	193519	Vivian Darkbloom
837410	193519	Charlotte Haze/Humbert
11822	250612	Maj. Saint-Auban
35214	250612	Shell-shock victim
36638	250612	Capt. Nichols (artillery spot
57565	250612	Capt. Sancy
67337	250612	Maj. Gouderc
71871	250612	Narrator of opening sequence/
73002	250612	Pvt. Maurice Ferol
121723	250612	Pvt. Lejeune
127515	250612	Col. Dax
159149	250612	Sgt. Boulanger
160330	250612	Col. De Guerville
196132	250612	Doctor
198005	250612	Private in the attack
200578	250612	Proprietor of cafe
256772	250612	K.P.
291501	250612	Gen. Paul Mireau
314498	250612	Cpl. Philip Paris
316559	250612	Gen. George Broulard
318477	250612	Father Dupree
328569	250612	Capt. Renouart
331537	250612	Lt. Roget/Singing man
388222	250612	Pvt. Duval
453199	250612	Capt. Rousseau (Battery Comma
482105	250612	Pvt. Pierre Arnaud
485541	250612	Cafe owner
683132	250612	German singer
211966	291833	Narrator
32161	299073	Forest Ranger #1
65437	299073	Larry Durkin
101532	299073	Dick Hallorann
118569	299073	Bill Watson
168964	299073	Injured guest
281601	299073	Danny Torrance
341935	299073	Stuart Ullman
344454	299073	Jack Torrance
392853	299073	Forest Ranger #2
456570	299073	Delbert Grady
481290	299073	Policeman
482105	299073	Lloyd, Overlook bartender
549455	299073	Young woman in bath
567465	299073	Grady daughter
567466	299073	Grady daughter
583685	299073	Suzie (Mr. Ulman's secretary)
609183	299073	Wendy Torrance
632333	299073	Old woman in bath
662905	299073	Doctor
683135	299073	Smoking guest on ballroom cou
747261	299073	Nurse
753642	299073	Receptionist
789514	299073	Stewardess
31073	310455	Legionnaire
44648	310455	Prisoner
54507	310455	Soldier
58391	310455	Ramon (Batiatus' Greek accoun
63265	310455	Gladiator
64809	310455	Pirate
64945	310455	Fimbria (pigeon vendor)
71744	310455	Soldier
71745	310455	Soldier
73734	310455	Gladiator
98633	310455	Soldier
100988	310455	Guard
103906	310455	Antoninus
106501	310455	Marcus Publius Glabrus
112053	310455	Legionnaire
113277	310455	Majordomo
118675	310455	Dionysius
127515	310455	Spartacus
131290	310455	Beheaded man
139557	310455	
145612	310455	
168813	310455	Julius Caesar
175059	310455	Pirate
179004	310455	Slave
179947	310455	Slave leader
185181	310455	Otho
199295	310455	Slave
201016	310455	Marius
201022	310455	Metallius
201721	310455	Soldier
214562	310455	Slave leader
216081	310455	Caius
222590	310455	Crixus
248067	310455	Crassus' standard-bearer)
258492	310455	Pirate
264368	310455	Gannicus
268316	310455	Sempronius Gracchus
282409	310455	Guard
282811	310455	Tigranes Levantus (pirate env
287067	310455	Symmachus
288617	310455	Soldier
311083	310455	Marcellus (Batiatus' chief tr
324189	310455	
330244	310455	Galeno (paired with Crixus)
330245	310455	Bit part
354242	310455	Marcus Licinius Crassus
362896	310455	Slave
363632	310455	Guard
363813	310455	Gladiator
368411	310455	Garrison officer
369626	310455	Slave leader
370058	310455	Narrator
388308	310455	Soldier
401160	310455	Slave
402707	310455	Pirate
421223	310455	Soldier
422745	310455	Soldier
428306	310455	Gladiator
452742	310455	Gladiator
454955	310455	Legionnaire
456479	310455	David (Jewish gladiator)
458043	310455	Draba (Ethiopian gladiator)
469772	310455	Bit part
485123	310455	Lentulus Batiatus
488449	310455	Trainer
510708	310455	Guard captain
517411	310455	Laelius (patrician senator)
521921	310455	Herald
545547	310455	Claudia Marius
621646	310455	Helena Glabrus
653783	310455	Beggar woman
664711	310455	Julia (slave woman of Gracchu
673529	310455	Soldier
776584	310455	Slave girl
792255	310455	Varinia
804889	310455	Slave girl
825612	310455	Slave at Gracchus' home
26023	118367	Man (segment "Misbehavers, Th
36472	118367	Long Hair Yuppy Scum
68754	118367	Norman (segment "Man from Hol
243102	118367	Baby Bellhop
269386	118367	Sam the Bellhop
383529	118367	Sigfried (segment "The Wrong 
408902	118367	Ted the Bellhop
441448	118367	Real Theodore
466585	118367	Chester (segment "The Man fro
491878	118367	Juancho (segment "The Misbeha
497371	118367	Extra
512541	118367	Leo (segment "The Man from Ho
548183	118367	Angela
594964	118367	Jezebel (segment "The Missing
595847	118367	Diana (segment "The Missing I
635230	118367	Athena (segment "The Missing 
639885	118367	Betty
649455	118367	TV Dancing Girl
704821	118367	Elspeth (segment "The Missing
715590	118367	Left Redhead
717432	118367	Sarah (segment "The Misbehave
776475	118367	Right Redhead
794051	118367	Eva (segment "The Missing Ing
809683	118367	Raven (segment "The Missing I
814398	118367	Margaret
814439	118367	Wife (segment "The Misbehaver
827280	118367	Corpse (segment "The Misbehav
837678	118367	Kiva (segment "The Missing In
292028	159665	Babe Buchinsky
52978	164572	Mark Dargus
113561	164572	Louis Gara
115670	164572	Sheriff
155904	164572	Max Cherry
192290	164572	Judge
225014	164572	Ordell Robbie
242194	164572	Ray Nicolette
280645	164572	Winston
296441	164572	The Deputy
342704	164572	Sheriff
466585	164572	Answering Machine Voice
481295	164572	Beaumont Livingston
511530	164572	Cockatoo Bartender
512863	164572	Sheriff
534709	164572	Billingsley Sales Girl #2
553121	164572	Chicks who Love Guns
563043	164572	The Deputy
589246	164572	Public Defender
613869	164572	Chicks who Love Guns
621910	164572	Melanie Ralston
637479	164572	Amy, Billingsley Sales Girl
639803	164572	Jackie Brown
645258	164572	Sheronda
674219	164572	Cocktail Waitress
675497	164572	Raynelle, Ordell's Junkie Fri
699105	164572	Chicks who Love Guns
700526	164572	Steakhouse Waitress
702376	164572	Chicks who Love Guns
714657	164572	Girl at Security Gate
716971	164572	Bartender at Sam's
819400	164572	Anita Lopez
820312	164572	Cabo Flight Attendant
830721	164572	Chicks who Love Guns
837246	164572	Simone
52978	176711	Buck
74449	176711	Bill
84199	176711	Hattori Hanzo
106131	176711	Boss Honda
216347	176711	Young 88 (Spanked Boy)
249940	176711	Crazy 88 #2
260069	176711	Boss Tanaka
260427	176711	Crazy 88 Fighter
260737	176711	Boss Matsumoto (anime sequenc
280984	176711	Johnny Mo
284742	176711	Trucker
292028	176711	Budd
299922	176711	Boss Ozawah
319868	176711	Pretty Riki (anime sequence)
330833	176711	Tokyo Business Man
341985	176711	The Groom
352931	176711	Bald Guy (Sushi Shop)
363245	176711	Edgar McGraw
363257	176711	Earl McGraw
378578	176711	Tim
420990	176711	Charlie Brown
435415	176711	Crazy 88 #1 (Miki)
459441	176711	Boss Benta
464802	176711	Crazy 88 #4
465932	176711	Crazy 88 #3
519687	176711	Crazy 88 #5
525594	176711	Boss Orgami
606682	176711	Sofie Fatale
623535	176711	Vernita Green
626150	176711	The 5, 6, 7, 8's
626225	176711	The 5, 6, 7, 8's
646020	176711	Elle Driver
673153	176711	Proprietor
673865	176711	Nikki Bell
683804	176711	Gogo Yubari
697645	176711	O-Ren Ishii
704920	176711	O-Ren (anime sequence)
706956	176711	Crazy 88 #6 (Girl)
812916	176711	The Bride
817238	176711	Okinawa Airline Ticket Agent
840317	176711	The 5, 6, 7, 8's
43802	176712	Larry Gomez
74449	176712	Bill AKA Snake Charmer
88326	176712	Soda Jerk
127373	176712	Marty Kitrosser
192290	176712	Jay
225014	176712	Rufus
280984	176712	Pai Mei
292028	176712	Budd (Sidewinder)
319795	176712	Ernie
341985	176712	Tommy Plympton
363257	176712	Esteban Vihaio
378578	176712	Tim
438134	176712	Bartender/Pimp
461413	176712	Reverend Harmony
549030	176712	Lucky
557743	176712	Hooker #6
575732	176712	Rocket
589608	176712	Hooker #5
596738	176712	Hooker #8
599020	176712	Hooker #2
613315	176712	Mrs. Harmony
623535	176712	Vernita Green (Copperhead)
645886	176712	B.B.
646020	176712	Elle Driver (California Mount
673358	176712	Janeen
676314	176712	Karen
697645	176712	O-Ren Ishii (Cottonmouth)
701044	176712	Trixie
711529	176712	Hooker #4
727540	176712	Joleen
745520	176712	Hooker #3
773694	176712	Melanie Harrhouse
778957	176712	Hooker #7
791868	176712	Hooker #1
795587	176712	Clarita
800701	176712	Erica
812916	176712	The Bride/Beatrix Kiddo (Blac
820312	176712	1st Grade Teacher
166978	223710	Entertainment Magnate
193995	223710	Mickey Burnett
197619	223710	Clifford
378578	223710	Deejay
417719	223710	Nutmeg, Radio Station Recepti
466585	223710	Clarence Pool
482416	223710	Oliver Brandon
498580	223710	Lenny Otis
654019	223710	Wife
673070	223710	Ex-Girlfriend
7817	267038	Dead Floyd Wilson
17433	267038	Man #4
36472	267038	Long-Hair Yuppie Scum/"Zorro"
45243	267038	Wilson's trainer
65536	267038	Buddy Holly
68754	267038	Paul
87969	267038	James Dean
173104	267038	Phillip Morris page
183894	267038	Zed
207426	267038	The Gimp
210153	267038	Ed Sullivan
225014	267038	Jules Winnfield
242760	267038	Winston 'The Wolf' Wolfe
264162	267038	Marvin
279222	267038	Young Butch
321383	267038	Monster Joe
362817	267038	Jerry Lewis
374784	267038	Dean Martin
396528	267038	Marsellus Wallace
408902	267038	Pumpkin (Ringo)
412573	267038	Sportscaster #1/Coffee shop
434562	267038	Klondike
436214	267038	Ricky Nelson
441022	267038	Hold Hands You Lovebirds
452838	267038	Roger
456313	267038	Lance
466585	267038	Jimmie Dimmick
478676	267038	Vincent Vega
482416	267038	Sportscaster #2
499566	267038	Capt. Koons
507903	267038	Brett
508288	267038	Maynard
512541	267038	Butch Coolidge
539150	267038	Jody
596862	267038	Fabienne
627760	267038	Trudi
639885	267038	Herself
640057	267038	Marilyn Monroe
654019	267038	Butch's mother
667689	267038	Esmarelda Villalobos
673070	267038	Shot woman
694110	267038	Mamie van Doren
700526	267038	Waitress
712086	267038	Gawker #1
756056	267038	Honey Bunny (Yolanda)
782153	267038	Woman in bathroom
806043	267038	Raquel
812916	267038	Mia Wallace
820312	267038	Pedestrian/Bonnie Dimmick
25743	276217	Marvin Nash
36472	276217	Young cop (also radio play ba
59227	276217	Holdaway
63695	276217	Mr. Blue
65536	276217	Mr. Pink
97566	276217	Sheriff #3
193995	276217	Radio play background voice
242760	276217	Mr. White/Larry Dimmick
292028	276217	Mr. Blonde/Vic Vega
368399	276217	Nice Guy Eddie Cabot
378578	276217	Sheriff #4
408902	276217	Mr. Orange/Freddy Newandyke
412573	276217	Shot cop
447813	276217	Teddy
452774	276217	Sheriff #2
452838	276217	Radio play background voice
466585	276217	Mr. Brown
473634	276217	Joe Cabot
482416	276217	Sheriff #1
498580	276217	Diner patron
518086	276217	K-Billy DJ
575999	276217	Shot woman
673070	276217	Shocked woman
688902	276217	Radio play background voice
803695	276217	Radio play background voice
