1,John,1990,1
2,Emma,1987,2
3,Michael,1975,3
4,Lisa,1983,1
5,David,1995,2
6,Samantha,2003,4
7,Robert,1978,5
8,Sophia,1982,6
9,Matthew,1992,7
10,Ava,1999,8
11,William,1985,9
12,Mia,1974,10
13,Alexander,2000,11
14,Isabella,1988,12
15,Nathan,1991,13
16,Olivia,1996,14
17,James,1973,15
18,Emily,1984,16
19,Daniel,1979,17
20,Charlotte,2002,18
21,Andrew,1981,19
22,Grace,1993,20
23,Christopher,2001,21
24,Chloe,1971,22
25,Benjamin,1986,23
26,Elizabeth,1997,24
27,Joseph,1994,25
28,Avery,1972,26
29,Madison,1998,27
30,Ethan,1976,28
31,Aubrey,2004,29
32,Mason,1989,30
33,Lily,1990,31
34,Jacob,2005,32
35,Ella,1983,33
36,Logan,1980,34
37,Aria,2000,35
38,Caleb,1982,36
39,Avery,1977,37
40,Abigail,1992,38
